ID, Author, Story, Note, Photo, Points
11efda9e7f1e6100a3ca63f595d30228,A L,❌,✅,❌,1
11efd5f9572aa400319dc68bfc7cfd38,Abigail Y,✅,✅,3⚠️,20
11efda0dee91b050903134998e47396e,Adam L,✅,❌,❌,10
11efd7a130ae98f0c79b0ab4759c3014,Addison G,✅,❌,2⚠️,16
11efd8c69f893bb0e9ba0785d86d3005,Addison K,❌,✅,❌,1
11efe1cc0049f6c0d5dde22ce1a99b30,Al O,✅,✅,❌,11
11efdb52540c7b0054fd4f25b4f10090,Alanna W,❌,❌,2⚠️,6
11efd8c2369787509cc622ee58c26fa9,Aleigh M,✅,❌,❌,10
11efd77c2d1c98608f5649cc32871fad,Alex C,✅,✅,2⚠️,17
11efe32125267d002a80ab4873ad4802,Alex W,✅,✅,4⚠️,23
11efe3c9946a49a0799354ea43445c04,Alexys B,✅,✅,❌,11
11efd9cf866aab50fcf2651ccf16406b,Alisha P,❌,✅,1⚠️,4
11efd907c3f498000803265aa8906ef0,Amanda  M,❌,✅,4⚠️,13
11efd6b3815a3f00e09d71e882d03345,Amanda  R,✅,✅,5✅,26⭐
11efd8e7f8bd867049b2027f5c1a6a36,Amanda  T,✅,❌,❌,10
11efd82e942cbd7075f61504acf03ce1,Amanda C,✅,✅,5✅,26⭐
11efd8130a110300dc781004c9e91032,Amanda E,❌,❌,1⚠️,3
11efd9bd9d161090b7c7cf4be75c97b9,Amanda F,✅,✅,2⚠️,17
11efde9a05a62880a6ce9c0dec4b7433,Amanda M,❌,✅,❌,1
11efd8ab9c504c10b948070f64e5b279,Amanda V,✅,✅,❌,11
11efe0b57773e0c0f69c1b55f289e914,Amy B,✅,❌,❌,10
11efd79142d7987031b195dd084f41dd,Amy D,✅,✅,5✅,26⭐
11efd90451b2bea02b511752d69d2376,Amy W,❌,✅,❌,1
11efe332a15a62e0df11d919e617a5da,Andrew K,✅,✅,4⚠️,23
11efe1d5b9059850c86e0d219320aa50,Andrew K,✅,✅,5✅,26⭐
11efe34a41dd4540b943e21f055bfe0e,Andrew P,✅,✅,5✅,26⭐
11efd85bcd251dc078fdb3b796339a29,Angela W,❌,✅,❌,1
11efe2dee50c7270706b21824f9905c2,Angie P,❌,✅,❌,1
11efd856910cd8a0dd0c1dc02c917906,Anna R,❌,✅,❌,1
11efd7a606473e50ff78ea7ca357c546,Annette S,✅,✅,5✅,26⭐
11efd867f010f91053c44b7991f65efc,Annie D,❌,✅,❌,1
11efce151113a57032f7d0bde9534c6a,Annie L,✅,❌,1⚠️,13
11efd8fb48ea99e0e5c5336e8b3bf3a6,Anthony  G,❌,✅,❌,1
11efdfe1d34c8de08e6d912f582419e9,Anthony R,✅,✅,❌,11
11efd7e3a521d2a073e4d296a5071a3d,Arlene E,✅,✅,5✅,26⭐
11efe31cd72880c0f7d098247fc4d636,Ashleigh C,✅,✅,5✅,26⭐
11efd846e7e464f022b02c90b4dd71e3,Ashley  G,✅,✅,❌,11
11efd68e326c1960979f1aa1d29ffdd6,Ashley O,✅,✅,5✅,26⭐
11efd5c6963596b0ad8cd03f9afd8e06,Ashton E,❌,✅,❌,1
11efd8111558328034c024dbbb68993c,Avery E,✅,✅,2⚠️,17
11efd7fec0c49b30ed02b80f508ec916,B D,✅,✅,❌,11
11efd61643318c801afd7d80657431e0,Barb F,❌,✅,❌,1
11efdb86b8b98000e4398f46ae7c4bd7,Barbara M,✅,❌,❌,10
11efdbe659f69cf01d814e0b6cd2e1d6,Becky B,❌,✅,1⚠️,4
11efd98e2b027720760f22023542fc76,Ben C,❌,✅,❌,1
11efd856cfafd990e37d8216e82a26bb,Ben L,✅,✅,❌,11
11efe0a45c5d4710141621affb9b0fea,Bernice  T,✅,✅,❌,11
11efd7934c6d71a09d30f4cc3621170e,Bernice C,❌,✅,5✅,16
11efd8419d0a3360f3207e4c91325395,Bernice M,❌,✅,3⚠️,10
11efda69330dfa30206d495587cae998,Bert M,❌,❌,3⚠️,9
11efdd15eecd5320d92aef05691069ba,Bianca W,❌,✅,❌,1
11efdb80e806c7b014ba52edb363ff62,Bill B,❌,✅,5✅,16
11efda92fdb6a2e0429d22423c92f62a,Bill B,✅,✅,5✅,26⭐
11efd7abf91cfa20f55c3a2d63866713,Bill B,✅,❌,3⚠️,19
11efd80288c48750bc53382fee8cc0db,Bill E,✅,✅,4⚠️,23
11efe3113e124a707a3e7c0a409e7521,Bob  M,❌,✅,❌,1
11efe4b957324650cbe2d59729b6d2e9,Bob B,✅,✅,❌,11
11efd76cd8d8041015febb8604f53362,Bonnie H,✅,✅,5✅,26⭐
11efd5d17fe17d60abb23255b5b91160,Bradley G,✅,✅,5✅,26⭐
11efd9d9935b0080c5f2b998243f37a7,Brandon B,✅,✅,5✅,26⭐
11efd8b7f86750f07456700674183d1e,Breanna D,❌,✅,❌,1
11efd9d8ba6c7c90ba8b27518de60149,Brenda B,❌,✅,❌,1
11efd835f1850e30ed1b6567afa4c24e,Brenda K,✅,✅,3⚠️,20
11efdb414508171048f17047d27634f0,Brendon F,❌,✅,❌,1
11efd84a8bd81b305aa9b731782b6d59,Brent G,❌,✅,❌,1
11efddcff10fd4909ba800bfb9808be7,Brett B,✅,✅,5✅,26⭐
11efd917bc276bb09c72ed8e7e652b4d,Brett H,❌,❌,1⚠️,3
11efd828ef1d48e0881b382e0424c966,Brett H,✅,❌,❌,10
11efe50df248d6500a7308a371a3f8df,Brian B,✅,❌,❌,10
11efd86082126b80ef724733487192b3,Brian B,❌,✅,5✅,16
11efd9e72b3bb220a960fb268b485c41,Brian B,✅,❌,❌,10
11efd7eb66bfb1a0a9784da4ae03bbb0,Brian E,✅,✅,4⚠️,23
11efd8dd0df86790473cc11e889665b8,Britany M,✅,✅,2⚠️,17
11efd78467656d50f9d834d684386d18,Brittany S,✅,✅,5✅,26⭐
11efd9442be6471047bd665912b4bef8,Brook  M,✅,❌,1⚠️,13
11efd76d31705ff008e552dbb17153b7,Brooke M,✅,✅,5✅,26⭐
11efd75adcf66b20b4cf4e4e5a47fa4d,Brooklyn  J,❌,✅,❌,1
11efd8836196c1809975c10862e1ef64,Brooks G,✅,✅,4⚠️,23
11efd8edb037f2404ad51826e7befabc,Bruce D,✅,✅,❌,11
11efe57de911df301ad6805f89c10d32,Bruno B,✅,❌,❌,10
11efd92a9f592c9049cc250a2e0bfe54,Bryan B,✅,✅,❌,11
11efd9a490b8aa60cbab83d2b41a2cf5,Bryon  R,❌,❌,5✅,15
11efdd77d6f4d130cc351be586f1c097,C T,❌,✅,❌,1
11efd77e65ebad50a562a4c4a15c906b,CLETUS G,❌,✅,❌,1
11efd92319e84570e65047449f1b4ce1,Caitlin P,✅,✅,4⚠️,23
11efd807fed4e2f0cc27e8b9c597c7cd,Caleb C,✅,✅,1⚠️,14
11efde70bad4b3e03bb2c51c7a353a74,Caleigh W,✅,❌,❌,10
11efd685fef57bb0c9ed5e9de1f8fb5b,Candace P,✅,✅,5✅,26⭐
11efe27f79cdd03050ffc62675996f83,Carlo C,❌,✅,❌,1
11efd807af853c90163712f805e9ae20,Carol C,✅,✅,5✅,26⭐
11efe09c5ee54b200c34dcccc56032a6,Carol E,❌,✅,❌,1
11efe23e43ca5d003c0535464d20e38e,Carol H,✅,✅,5✅,26⭐
11efd8cf6d5b61f0bddaaba9e52a309c,Carolyn C,✅,❌,❌,10
11efe1d4a4f80a101344709c39e71546,Carrie A,❌,✅,❌,1
11efd5db00838c70c7eca25515b8ba5c,Carrie T,✅,✅,5✅,26⭐
11efd5f96fc4dbc0bc3b351e82c9780c,Carter R,✅,✅,2⚠️,17
11efd860cbcd3ca06f61c6fe8d6b4cbc,Cassandra  R,✅,❌,❌,10
11efdca897ea5cf0dd52baffe192cc91,Cassandra C,❌,✅,❌,1
11efd686e9d644708cefda6d01e84ba6,Cassidy W,✅,✅,❌,11
11efd8eea8957d40e907d35a7e1b1192,Cathy B,❌,✅,❌,1
11efe5999f269e80fbff5c2bdffb84a2,Cathy W,✅,❌,❌,10
11efdda10bbb1d602f5b61a705ff031f,Cayla G,❌,✅,5✅,16
11efd77192894280bc768a305adda86a,Cecilia G,✅,❌,❌,10
11efd7a5404dc930c42d307c2926b1ec,Chad  M,❌,❌,4⚠️,12
11efd59b91574ec0157c786d0324939a,Chad E,✅,✅,❌,11
11efd851f34d887072f59619e9829661,Charlene W,✅,✅,5✅,26⭐
11efd98d8381c230d8dba267992c7490,Chase G,❌,✅,❌,1
11efe3121ae9533032cdd1ca0e3d429d,Chelsey H,❌,✅,❌,1
11efdc278ffe7cf04bb7d12d86a62bd3,Cheryl  V,✅,✅,❌,11
11efd84326ee13c0c62c999b629f29a7,Cheryl Y,✅,❌,❌,10
11efd77d8edac300bd51b0af1b44f67a,Chris C,❌,❌,2⚠️,6
11efd983ae56c5008fa8eeae0bbb3f9d,Chris M,✅,❌,❌,10
11efdcc22cca5b409c7d1f2258a02a6d,Chris O,❌,❌,1⚠️,3
11efe300afaf2150c684490b7692094e,Christina K,✅,❌,❌,10
11efd83ecc2678a05b784274e79734bb,Christina V,✅,✅,1⚠️,14
11efe29452008e20c0eef0ea4fa05220,Christine D,✅,✅,❌,11
11efd83a62263a70bd51890246ce4c98,Christine M,❌,✅,❌,1
11efd784b0cc7920ef39176a68f31ab3,Christine W,✅,✅,1⚠️,14
11efd8ee4255ccb0ac5a81c752081db7,Cindy R,✅,✅,5✅,26⭐
11efde51992f84005449ef0009056e72,Clare B,❌,✅,❌,1
11efd8fbd8a3a9501d0d78695b850b03,Claudia  P,❌,✅,❌,1
11efd8631ddd77b03d5757a67a3444e4,Cody M,✅,❌,❌,10
11efd6954f4f8f6074b12cf21f5aa2d6,Cody R,✅,✅,❌,11
11efd7fda3cc55f0cba536336c993097,Cole B,✅,❌,❌,10
11efe03c2acc82006ef0562738831f1f,Cole H,❌,✅,4⚠️,13
11efde69e42c37109a3788a97cf060e9,Colin B,✅,✅,1⚠️,14
11efd82fd8ba11306df9dbba69f905d7,Colleen D,❌,❌,1⚠️,3
11efe1cd31b2c7408d1902be3a287633,Collin R,✅,✅,3⚠️,20
11efd7fb9a923150bab04b1b321dce5c,Connie Y,✅,❌,❌,10
11efd9d66ab944505e1b2660a35cb7bf,Corey H,❌,❌,1⚠️,3
11efe348bd69c2307daf2aeec912006a,Craig B,✅,✅,4⚠️,23
11efd8610427cfc0a910209af8472645,Craig S,✅,❌,❌,10
11efd903335ff2700e6eab23a0e75eca,D A,❌,✅,❌,1
11efdd092485fe20f9d1d942d2beb04e,D P,✅,❌,❌,10
11efd7f4543890c0c945659fadd4ade6,DAWN W,✅,✅,❌,11
11efe1939fdc94103aee445fb39e0a2f,Dale B,✅,✅,❌,11
11efd81444f6b860eba2dad759e2cda9,Dale M,✅,❌,❌,10
11efd9191f2df4d04fda0f7299aa34be,Dan D,✅,❌,❌,10
11efd8c434fbc6c0b2bc39ee78e9176e,Dan F,✅,❌,5✅,25
11efde526d51d9e0c2b1cb1805d4f4b0,Dan G,✅,✅,5✅,26⭐
11efd8523dd127d040a9199af6a0b53f,Dan O,❌,✅,1⚠️,4
11efd84c12515950e7f772e64e091398,Daniel B,✅,✅,❌,11
11efd6889fc81140e2fba7ff5a6d9c4c,Danielle P,✅,✅,❌,11
11efe5817b9db650b7538b605ba70ae6,Danny B,✅,❌,❌,10
11efe367c235d820282386d77cafa9e9,Danny P,✅,❌,❌,10
11efd8eafeaf416098d3d448821d6596,Darlene  B,✅,❌,❌,10
11efd8d75d052040975a92ba9ccd7fd2,Darlene  S,❌,✅,4⚠️,13
11efe579aa985c1089b2d9dee37199b9,Darlene J,✅,❌,❌,10
11efd5d77fd8bc106f8ed9a6a2bda574,Darrell  Y,❌,✅,❌,1
11efe33631fd2eb003e04e05ed920bc4,Darren D,✅,✅,4⚠️,23
11efdb2acd37cbb06e3c4c345a574f39,Darren K,✅,❌,4⚠️,22
11efdcefe888f9407ff50048188c4bcf,Darryl B,✅,✅,5✅,26⭐
11efd8586852e74096d4b19799664b6a,Darryl P,❌,✅,❌,1
11efe21880fc5e10783f8d07e13232a5,Dave W,❌,✅,❌,1
11efe05886e0fb90bcfaa5711c2f9b5a,David  P,❌,❌,1⚠️,3
11efd8c17f9602c0bb419b70ec2ca6b6,David F,❌,✅,❌,1
11efd8c784615ec00dd4ea84af9536ce,David H,✅,✅,1⚠️,14
11efd7c8ed9c28c0200aef3709f836bb,David H,✅,✅,❌,11
11efdceae75ca080e806ee533b1949c2,David L,✅,❌,❌,10
11efe330e24da75094c96273bad0a05f,David P,✅,✅,5✅,26⭐
11efd849268b99b074df4677c2c8534c,David Y,❌,✅,❌,1
11efd790cf00239023f8d10e39097f63,Dawna A,❌,✅,❌,1
11efd8c897e6aa30de2fabb03d6e62c5,Dayna N,✅,✅,3⚠️,20
11efe19566c4b98017368c32c9f89c7a,Dean P,✅,❌,❌,10
11efd85e34714a60b8c242dfb5bf5173,Deanna  B,✅,✅,2⚠️,17
11efd7a52fa80190d1a7af20baee1503,Deanna W,✅,✅,1⚠️,14
11efd76d7a0093c06e6cfb321a23b822,Deanne S,❌,✅,❌,1
11efd773b7ec43e0d67c3f5cc4e08c20,Deb T,✅,✅,5✅,26⭐
11efd82a217d71b0b4ec6c6ae0ad1931,Debbie A,✅,✅,5✅,26⭐
11efd785bcf1a53026e378f1f8b2687f,Debbie B,✅,✅,5✅,26⭐
11efd828ee5f7720b1bbec97a952578c,Debbie M,✅,✅,2⚠️,17
11efe11dfb43f2108653f0bb5802a43a,Debbie P,✅,✅,❌,11
11efdb2e5dfc0230abc94d9465921c6c,Debbie P,✅,❌,❌,10
11efd863668c30001002dc2af8eef9f9,Della O,❌,✅,❌,1
11efd9a8770c42807ba910deaa40169b,Derek M,✅,❌,❌,10
11efd9a22950b860c14660a39be45ae0,Derrek Y,✅,❌,❌,10
11efd8762aed9ad02587f015865c41df,Deserie P,✅,❌,❌,10
11efd8c2e998b950c8d93e303c8cb536,Desiree L,✅,✅,3⚠️,20
11efd818c42f8cc0b13182d4ad9e9ecc,Diana M,✅,✅,3⚠️,20
11efd853a3784c707b75df7f6e6944d8,Diana M,❌,✅,❌,1
11efdc487a4dcd90300b59405dd90375,Diane B,✅,✅,❌,11
11efe0af5283c240410738f04d438465,Diane P,❌,✅,❌,1
11efd787d49fbd507e5d83f059c4936c,Donn L,✅,✅,❌,11
11efdc3ff8f438e090035df894e487fc,Donna  H,✅,✅,4⚠️,23
11efdaaf9227d2702913b13bf5c7f107,Donna Lynn  W,✅,❌,1⚠️,13
11efdb2e6e95bbe0e24463b678671413,Doreen D,✅,✅,5✅,26⭐
11efda93d302abb09dad792f43ab368e,Doug O,❌,❌,1⚠️,3
11efdc0f24586e1074015e868053056c,Douglas C,❌,✅,2⚠️,7
11efdcc29e6d63f04da64a9caf763ec4,Dustin G,✅,✅,❌,11
11efdb1061983760c8cb8abc4b541cde,Dyane B,❌,❌,3⚠️,9
11efde504ac948b0f30be86903707332,Dylan  L,❌,✅,4⚠️,13
11efd79ef09e3740bd4f7697c8eeaf34,Dylan O,✅,✅,❌,11
11efde7446fd1b209a859980682808e9,Dylan S,✅,❌,❌,10
11efdb20734a249098b09a531e594744,Elaine  G,✅,❌,❌,10
11efd7926b89e1502d4d5f01f076cf25,Elizabeth B,❌,✅,❌,1
11efe1d08f8cc7f00a34f08fcaab8def,Ella C,✅,✅,❌,11
11efdc2af5a0ada0287294c1486fd2ca,Elwood G,✅,❌,❌,10
11efd5af063da0f01b2b0db79855e720,Emily O,❌,✅,❌,1
11efd911304a45a00e4156900bea1221,Emily R,✅,✅,1⚠️,14
11efd775d440647058d5707301764b86,Emma C,❌,✅,❌,1
11efd85e423130207012c36fa944b4ad,Emma S,❌,✅,4⚠️,13
11efd8c6946c898078b767134d034817,Emma U,❌,✅,❌,1
11efd7835be7a4d0993b13a0e673e817,Eric L,✅,✅,❌,11
11efd8e564971cb0d07605a303ebd227,Erica R,✅,❌,1⚠️,13
11efd6d42ac10b8024ca8a1fa2f80ce4,Erin H,✅,✅,5✅,26⭐
11efd77338c2dc0016bf23ac4ca30b4c,Erin T,✅,✅,5✅,26⭐
11efe1cd992838b05ed3008064c5017e,Ernest R,✅,❌,3⚠️,19
11efde6ee7c6a9a0d238f5999ad59094,Evelyn  S,✅,✅,5✅,26⭐
11efd79861a663b07af5cc159fdbbd02,Faye K,✅,❌,❌,10
11efd6018a8443d0f2aeb42024881e85,Frances S,✅,✅,5✅,26⭐
11efde6bc7025320c69a000d91df7086,Francis w,✅,✅,4⚠️,23
11efe31e48ca0d609cff63fdca64bcdf,Francoise L,✅,✅,4⚠️,23
11efde73c11be1d033f9039bb59fe898,Frank T,✅,✅,1⚠️,14
11efe005a2c9d7d0530baee2a5d198c9,GGord L,✅,❌,❌,10
11efd844c5f04b9083a099e264f49202,Gary B,✅,✅,❌,11
11efd8a4b4e6424055907b22a2fc4c64,Genevieve K,❌,❌,4⚠️,12
11efdcd2f56f2700e9c833b306456310,Geoff G,✅,❌,❌,10
11efd8421cfcdeb0654304b68d855ea8,George M,❌,✅,❌,1
11efd8c157345570d91f1387908936c8,George S,✅,❌,❌,10
11efdc163cbf83b03a79933dd36dc69b,George W P,✅,✅,5✅,26⭐
11efddd4f06c9d7041a281315d82d569,Gerald K,✅,✅,❌,11
11efd86836a7cde0fdd71f38e36a94b0,Gerry E,✅,✅,4⚠️,23
11efd78f129737d06d2f93af21707b24,Gillian  G,❌,✅,1⚠️,4
11efd88074880720cf90defcab329f4a,Gillian C,❌,✅,❌,1
11efe2b84e182600de02f5bb3d953550,Ginette  R,✅,❌,❌,10
11efd8e2dd34d390f049acc87802f38b,Gladys H,✅,❌,❌,10
11efdc4703d6c4109381b380255111d1,Glenda  E,❌,❌,2⚠️,6
11efe3520de157b0570dea15122bbae8,Gord L,✅,✅,5✅,26⭐
11efd77695829310b0934ab59f3feb07,Greg S,✅,❌,❌,10
11efe0f78fefdc2037650e8275a533d0,Greg T,❌,✅,❌,1
11efe59c980a5e90eb3ff5c1e97fef74,Hailee G,✅,❌,❌,10
11efdd7241388c90814fa9c83af243a5,Hailey L,❌,✅,❌,1
11efd782bde9ef402944931b18327476,Haili H,✅,✅,5✅,26⭐
11efd7a3cd6b0a00ab09eb56263cda44,Harold  W,✅,❌,❌,10
11efe5830a45fc90639c83bb1f95779b,Heather  D,✅,❌,❌,10
11efd625af7662808df8d495113cc65b,Heather  L,✅,✅,5✅,26⭐
11efd85dda4ca9304361763f8caabb69,Heather N,❌,❌,2⚠️,6
11efda73e93fa010af63954b2b570ad2,Howard T,❌,❌,3⚠️,9
11efda6d82aea9f0e48332a7467829fa,Howard T,✅,❌,1⚠️,13
11efdb5216045a806ba39a0fbb69dbad,Isaac T,❌,✅,❌,1
11efde46af019c10329929c61934d72b,JARED E,✅,✅,3⚠️,20
11efd9f1b0ecf64012c709273379b689,JOEL T,✅,❌,❌,10
11efd8e90d4b1a2045d68958b4d018b7,Jack  B,❌,✅,❌,1
11efdac73f1878102c4d5c0648f22d7f,Jackie  W,✅,❌,❌,10
11efd4ef9a630e70b8180c835292d142,Jacob W,✅,✅,5✅,26⭐
11efe5a0f46d5a308cad4d338baf0f77,Jacques L,✅,❌,❌,10
11efe181a399c8500d2d192ba498c2a8,Jamie B,✅,❌,1⚠️,13
11efdb37c3359e507394d51616681e48,Jamie H,✅,❌,❌,10
11efd7a072ee8c30ba1f18e7ec64ccb2,Jan C,✅,✅,5✅,26⭐
11efdbf2d9aeb9d0ec47867e733581b6,Jan G,❌,❌,3⚠️,9
11efe5a9cd086d50350152837eaa4a11,Jan H,✅,❌,❌,10
11efe3ba97f39540aa392d40b31423d4,Jan W,✅,❌,❌,10
11efdf6c71748b60f60534576b5a15fa,Jane M,❌,✅,❌,1
11efda6c623a5d50f1ad2eb45b3c8b3b,Janet B,❌,✅,❌,1
11efd6c063ac35f0859ffdb94ef9adbe,Janice G,✅,✅,5✅,26⭐
11efd923308fd4f0e58d2f8d49b8770a,Jarrett W,✅,❌,❌,10
11efdb223202f3c0019990c7b4f7c9fa,Jay C,✅,❌,❌,10
11efd7a76af276c09a06292203788c2e,Jed L,✅,❌,❌,10
11efd84b8bb905006e176dd3b5624d29,Jeff C,❌,✅,❌,1
11efda592c4ef0107a02bddf1a73c38d,Jeff D,✅,✅,4⚠️,23
11efdb4b8454e10013194f753e1eb588,Jeff E,✅,✅,2⚠️,17
11efd80bf4bcf9c01dbdd8a3e09c9a5e,Jeff H,✅,❌,1⚠️,13
11efd876274d1b80a75b4070e91fb3f7,Jeff K,✅,❌,❌,10
11efd5a77e2603d0730f944d27ffba67,Jeff P,✅,✅,1⚠️,14
11efd79cb9d21e40f8969a79d660b459,Jeffrey M,✅,✅,1⚠️,14
11efd5f7318431008320100e134e5ccd,Jenna B,❌,✅,3⚠️,10
11efde65f087a7a021ade394de492a73,Jenna F,❌,❌,1⚠️,3
11efd793d25317c01763bc8dec5dd469,Jenna M,✅,✅,5✅,26⭐
11efe57ff82c61001e917602e43ff195,Jenna Y,✅,❌,❌,10
11efe44417b45ce029b670bca4d1d063,Jennifer  M,❌,✅,❌,1
11efde8f1732f5c040c016e1c132ffe3,Jennifer B,❌,✅,❌,1
11efd98399a5fc700052a351b13cd975,Jennifer D,❌,✅,❌,1
11efdbad5a9d7b30ee07f2374fee3ce1,Jennifer H,❌,✅,❌,1
11efe2f90df922e05c00a0cc2790bed4,Jennifer J,❌,✅,❌,1
11efd5dbccef3e800e9879cb32450c73,Jennifer M,✅,✅,5✅,26⭐
11efd9a7ba05c1c03c09c517f7a0cd26,Jennifer O,✅,❌,❌,10
11efd91a8c057640a1feb1c7c535934a,Jennifer W,❌,✅,❌,1
11efd83e1ce534d0eed5c2507c5fb7cd,Jeremy C,✅,✅,5✅,26⭐
11efe5b1ce3de67075484215b22807e6,Jerri L,✅,❌,❌,10
11efdc4f6319d8603c4535e5c6f3efd8,Jessi Y,✅,✅,4⚠️,23
11efd77e21f23fb088364b7639e58878,Jessica J,✅,✅,5✅,26⭐
11efdf79867c61b08dc7992415123acc,Jessica R,❌,✅,❌,1
11efd783478ec040faddf419c68c74af,Jill B,❌,✅,❌,1
11efe57c7aaedbc02ac994cdb602b44e,Jo C,✅,❌,❌,10
11efe1d3a8b70350a8257f950a183fe5,Jo S,✅,✅,5✅,26⭐
11efd7a05c4cc9102972578bcafefbd5,Jo-Ellen  W,❌,❌,2⚠️,6
11efd7ec5fc9a94005bb58d0b39c2814,JoAnn  L,❌,✅,5✅,16
11efda865adc3af055b55e71d9d27894,Joan A,❌,✅,❌,1
11efdfe0fa7eff708792c2682b743a54,Joan V,❌,✅,❌,1
11efd760d1e012d0111006ba00b50116,Jodi T,✅,✅,1⚠️,14
11efdcea53e306a0ab6831117fcb248e,Joe  B,✅,✅,❌,11
11efd8cc5a150630dc930877e31a412a,Joe O,✅,✅,3⚠️,20
11efda8f7a5a47107d0c3fc10c225c3e,Joe R,✅,❌,❌,10
11efdaa6131d5350389ef6b68d860bea,Joe S,✅,✅,❌,11
11efddd4aa940f90351e5c0d3a44e011,Joellen H,✅,✅,❌,11
11efd84f68fc5cc0bfa277c5915cf86e,Joely L,✅,❌,❌,10
11efe0426b2429108f4238641ef52abe,John  H,❌,✅,❌,1
11efdd160accaee042458e06e5236f72,John S,✅,❌,❌,10
11efe19cd1f11440a95cf00a86ef4fcc,Jon J,✅,✅,5✅,26⭐
11efd7b3d1c71de0970bc63c7b0e5c5a,Jonathan M,✅,✅,❌,11
11efd85da2c36fd0a27e90b02c35b241,Jordan G,✅,✅,3⚠️,20
11efdcae1ac8eb50c2361e1104d49508,Jorgios Z,✅,✅,1⚠️,14
11efe09f89304a80fe0631015c313787,Josh A,✅,❌,❌,10
11efd871f224b2504d3dd84ebf1e831b,Josh B,❌,✅,❌,1
11efd6d3e1146b3067296a1aaf9682c3,Joshua B,✅,✅,5✅,26⭐
11efd5ee7610a5f0d88232205d713cfb,Joshua C,✅,❌,❌,10
11efd7f12d290d50a76d3efeaa4b6253,JoyAnn O,✅,✅,5✅,26⭐
11efe0083d3331209122839ec4941c24,Joyce B,✅,✅,2⚠️,17
11efd75abce4bb70b9f53bc8b8a304ed,Judith M,❌,✅,5✅,16
11efd670dd9f71b059997cf24f012622,Judy K,✅,✅,1⚠️,14
11efd920da925a20a6c312c959534957,Julie B,✅,❌,❌,10
11efd86544950c90685dd7e2c186a63e,Julie C,❌,✅,❌,1
11efdccd006f1120bc34a4b32cec42b5,Justin M,❌,❌,2⚠️,6
11efde9faab723b0038057b51a404631,Justin T,✅,❌,❌,10
11efd76d1d58f1308630ab91953f3e43,Kailee P,❌,✅,3⚠️,10
11efe3264eb19ce004547249ebed844d,Kaitlin R,❌,❌,1⚠️,3
11efd874effa02c07eda83ba381d89a0,Kara C,❌,❌,2⚠️,6
11efd8452be844c06cf888de9d8750b5,Karen B,✅,✅,❌,11
11efde7f5a7a44b01197ed632935aad5,Karen B,✅,❌,❌,10
11efdc0688fad870054c109754e770cd,Karen C,✅,✅,❌,11
11efe16ce2b2c92021f514f04c070f5a,Karen C,✅,✅,❌,11
11efe339a61241706dc8526a1e62ef4a,Karli E,✅,✅,5✅,26⭐
11efd8538b109660361682af4ac38b76,Kate N,✅,❌,❌,10
11efdeb23dcdb0d0aba1a7e73e67b4bb,Kate S,❌,❌,3⚠️,9
11efe319b6f71b7074807f7928f90f9c,Kathryn w,✅,✅,5✅,26⭐
11efdce3a0b3f5904548ffee5419fe44,Kathy S,✅,✅,2⚠️,17
11efd68debaa15e058ad7818e973d5c4,Kathy W,✅,✅,5✅,26⭐
11efd8499b590750cc9f6c3a96d7dc5a,Kathy Y,✅,❌,❌,10
11efe048c1ac0cc0528daffdc6a5a116,Katie W,✅,✅,❌,11
11efdf6bc6bdd8c02334ebd7934e7288,Kayla F,✅,✅,❌,11
11efd8215d1ac2d073ca7e6bc2f81368,Kayla F,✅,✅,❌,11
11efd811c8066280a63726b695de6048,Kayla G,❌,✅,❌,1
11efd66f655778c0ebaa0084252d9c65,Kayla H,✅,✅,5✅,26⭐
11efd78641f85d0004dd4a80c6105659,Kayla M,✅,✅,5✅,26⭐
11efd8017c01e2c0f864246b479253d2,Kayralee  P,❌,✅,3⚠️,10
11efe22ed066b6606a7ab40f38e49943,Keegan B,✅,❌,❌,10
11efd8b8996ca1304f296661595b72e2,Kelly  H,❌,✅,5✅,16
11efd775c5ae3a90b7cd57208decc60a,Kelly B,✅,✅,5✅,26⭐
11efd9de562580000ba7bc7672cc55a9,Kelly C,✅,✅,❌,11
11efd8533ba810d017f25b6ada88ef3c,Kelly H,✅,✅,5✅,26⭐
11efda96a5b581203f762e57272e46ee,Kelly W,✅,❌,❌,10
11efd7b83ea41630ba68816221ad5c8b,Kelly W,✅,❌,❌,10
11efd86398ccb8505cc2f1e036836767,Ken  C,✅,❌,❌,10
11efe50b8d536af0310636d2dfb63f65,Ken H,✅,✅,❌,11
11efd9ab2b741e80a793d252987dc74d,Kendra W,✅,❌,❌,10
11efd5ab1f6a2a7075fff3ccf92c8ecc,Kenny C,❌,✅,❌,1
11efe32f1ed2470052af4e2fef55f80c,Kerrie B,✅,✅,5✅,26⭐
11efd60cc7608d8069cb60e1c9a94eb8,Kerry s,✅,✅,❌,11
11efd78c579153f023db92dfbed74f78,Kevin D,✅,❌,❌,10
11efd6c9c23442305c63fe290d16e118,Kieron O,✅,✅,4⚠️,23
11efe31fabc0df10806c9e241da0056b,Kim F,✅,✅,5✅,26⭐
11efd8427a80896083d6b64886b761b3,Kim G,❌,✅,❌,1
11efe24067a5fb108e8a5d1dc94bb281,Kim H,✅,✅,4⚠️,23
11efd6c6faa08ff0cbbe0a65748fb9d6,Kim M,✅,❌,❌,10
11efd798f524b880fde4b1e498c4f9c1,Kimberly  C,✅,✅,❌,11
11efd8d248470380517eac328b2eedd8,Kimberly G,❌,✅,❌,1
11efdde729d84d40f40dba8470bbbfb8,Kira L,✅,✅,❌,11
11efd7a8f17ad0109108e3e82e1c5cfa,Krista W,✅,✅,❌,11
11efd755d32f2910facd1572f125cc85,Kristen B,❌,❌,2⚠️,6
11efd5f7009c33d09926f361e1066fb0,Kristi Y,✅,✅,2⚠️,17
11efdf0d0066a2f05e4ef282a0dc6254,Kyle H,❌,❌,1⚠️,3
11efdd179f956890ced8f520547d78f4,Kyrsten  L,❌,✅,❌,1
11efdccdb2e149905392a98cbf1ef856,Lacy  C,✅,✅,5✅,26⭐
11efd858d5106d80bcdf8d31d6dcea47,Lana R,❌,✅,❌,1
11efd9cd92a6e93010e863fef7abc6c1,Landen M,✅,❌,❌,10
11efda929c7553f01a15abaf550faee3,Laura E,✅,✅,❌,11
11efe324d6287c40ffbc590a4757284e,Laura F,✅,✅,4⚠️,23
11efda60a3622ad0f61be76b44631187,Laura K,❌,✅,❌,1
11efd86d11072310906e27205b22192d,Laura M,❌,✅,1⚠️,4
11efdc51cad149f04411aadc8a90475a,Laura W,❌,✅,❌,1
11efe41ba4239520a39b9fc4f4770f34,Lauren V,❌,✅,❌,1
11efd7b0a03b95101087d318cefdd6ee,Lauri Ann O,✅,✅,5✅,26⭐
11efe051454223f0219ea7e6dc667f74,Laurie B,❌,✅,❌,1
11efd9c77ec789200dffc54341b76eee,Lea B,✅,✅,5✅,26⭐
11efd8fb9bc9cfa0f2d1b8e23230c182,LeeAnn H,✅,✅,❌,11
11efd79f875e4990a9d85056ae0fd85b,Leigh-Ann  B,✅,❌,1⚠️,13
11efdbfc5cfbc4a0f4e10a2322dca703,Lena R,❌,✅,❌,1
11efd856a4ce8640bce9e9ea803df80f,Leslie Ann L,✅,✅,1⚠️,14
11efd785ea9329f031fb8023f2367b53,Leslie B,✅,✅,5✅,26⭐
11efd83cc0ed76c01cc2bbf1d5d2c607,Leslie a O,❌,❌,1⚠️,3
11efd85a3d0049a02e2a837f2b2e9b03,Lianne B,✅,❌,❌,10
11efd7921dfbc110e6bacb37bc64adc8,Lianne M,❌,✅,❌,1
11efd9e67f77ae30dc1e3f03ecb4655f,Lin H,✅,❌,❌,10
11efddac72aa1fc05e016979f3b93023,Linda  M,✅,❌,❌,10
11efd859aecf12b0f42c2dd4f60b7c04,Linda  S,✅,❌,❌,10
11efd8c6cb0b14c04df43723168ec2fe,Linda B,✅,✅,❌,11
11efdb458cbbf7d0598446cdba094346,Linda E,❌,✅,❌,1
11efe1a13cfafa40f48970cbfc22bcd3,Linda R,✅,❌,❌,10
11efd78be378de705f3413cefc3dd43b,Linda S,❌,✅,❌,1
11efd7b3952f5640b050c28591292a67,Lindsay  T,✅,✅,1⚠️,14
11efd85f11b1000070000e9c50d4e918,Lindsay J,❌,❌,3⚠️,9
11efd8620d4fe870b0e67dc597849f1d,Lindsey S,✅,✅,❌,11
11efd8f7dbdc14d0475644868b0426d7,Lisa B,❌,✅,3⚠️,10
11efd81a8a9fea20a607471fed49e828,Lisa C,❌,❌,5✅,15
11efd8505b44e6007afe3ac7cd5a8fa0,Lisa H,✅,❌,❌,10
11efe19b8feab9805a2b3ce328bda079,Lisa L,✅,❌,3⚠️,19
11efd85409f924b0d8e5859d093ce7b1,Lisa N,✅,✅,❌,11
11efe35cfb5717a08af5b1b86e584261,Lisa S,✅,✅,❌,11
11efd8b0f3061300fc95ca114e787ffc,Lorraine K,✅,❌,❌,10
11efd9c06455d6700800c7389aadf471,Lucas C,✅,❌,❌,10
11efe2fd36f00e805cca51984e67902f,Lucas H,❌,✅,❌,1
11efd86296bfc6c0a014c5aeea2691f1,Lucy E,✅,✅,5✅,26⭐
11efdce7918a70e0eecf040e90f99949,Luke L,❌,✅,5✅,16
11efd7748c039d403c845b95e3c8cd55,Lyndsay P,❌,✅,❌,1
11efdc1f367726d08750fc5cdc4f4753,Lynn B,✅,✅,❌,11
11efe4f34dbb21700c1530a88f734d8e,Lynne C,❌,✅,❌,1
11efd8c777a5065016875fe6e98944b4,Mack J,✅,✅,3⚠️,20
11efd793467128008d127ddc0c4fe00d,Maddie T,❌,✅,❌,1
11efd7a91918b830d4dadee7f1415e7d,Madison B,✅,✅,5✅,26⭐
11efd84e0bfea0609ba58f4742b93d92,Maggie L,❌,✅,❌,1
11efe19e1f56cf80d8b6d120a926342a,Malakai A,✅,✅,❌,11
11efe00cfc26b800f4c9c96e132dfe76,Mandy  B,❌,✅,❌,1
11efd7a569e389b07fcb1b273f9f605d,Mandy  M,❌,✅,5✅,16
11efd791120a4f308cc014188a0997b2,Mandy B,✅,✅,3⚠️,20
11efe501a739b640b37434cee5029bef,Marc L,✅,✅,❌,11
11efdd8f3934d400db7ffc1489643928,Marc P,❌,✅,❌,1
11efddb36cb8f580fe006716f3251a09,Marc R,❌,✅,❌,1
11efd850d38644b0a57db8869c23dac1,Marilyn S,❌,✅,❌,1
11efd9d1bc35cf10975cd8ae01cde31f,Marilyn Y,✅,❌,❌,10
11efd8e3b536ad90755a27992d48bf9d,Mark C,❌,✅,❌,1
11efdbf4b094a71071690ae9fd3273b3,Mark G,❌,✅,❌,1
11efdce7ee75fa409296a4b5f4437ea5,Mark H,✅,❌,❌,10
11efda72d46fd340712548ccf5a42f8c,Mark O,✅,❌,3⚠️,19
11efd851120d0b10ad5a8b9d7feeab9f,Marleise S,✅,✅,3⚠️,20
11efdb5c102159b0a3a935017acdb223,Marly T,❌,✅,❌,1
11efd8d6767a92400684f5962d599ecc,Marnie L,✅,✅,❌,11
11efe34fa57bf2e0b80236d3eb3cfb08,Martial G,❌,✅,❌,1
11efe0a196d20f001254c4f0bf44296a,Matt Y,✅,❌,❌,10
11efd849865d53109fceb151cbd934df,Maureen L,✅,✅,1⚠️,14
11efda60087f97f0eb7f7d2d442a440f,Maureen M,✅,❌,❌,10
11efd858438bece0f83393439f10bc37,Maverick C,✅,❌,❌,10
11efda80f56105207e3c7cb0df3c4215,Maxwell M,✅,✅,❌,11
11efd7ae62682b104e64a22bbdc451c6,McIsaac A,✅,✅,5✅,26⭐
11efd78f62d9548053c848aea3cb9b74,Megan  E,❌,✅,❌,1
11efe32c5308da508bf3bcfe36dbbe02,Megan D,✅,✅,4⚠️,23
11efdd010e49fb504ce439a0695debf4,Megan D,✅,✅,❌,11
11efd631b629d0b0042d48758adf34ab,Megan E,❌,✅,❌,1
11efd5f5c244fe60c1313c5049a11cf5,Megan M,✅,✅,5✅,26⭐
11efd86df66e18a0593772690bf9736f,Meghan H,✅,❌,❌,10
11efe09e61ab0ff0f20a83c3ff5d8b72,Meghan S,✅,✅,❌,11
11efe574ac5b0cf0354be9477206a528,Melanie B,✅,❌,❌,10
11efdc0418c5f0a01d96731c7a2d3856,Melanie D,❌,✅,❌,1
11efd827d12a4ff073ee8076e62ac9d3,Melanie L,✅,✅,5✅,26⭐
11efd5fdb2f8b2a06277328bfa6019be,Melissa  T,✅,❌,4⚠️,22
11efd672ba03ed10cff1ed915a31595d,Melissa  T,✅,✅,5✅,26⭐
11efe31f054f02100f0f55693d21fc1d,Melissa O,❌,✅,❌,1
11efd7900ca754d0f007b3e904589fec,Melody C,✅,✅,❌,11
11efd913043bd2106808d4a3acfed6ea,Melody C,✅,❌,3⚠️,19
11efdd216beba7c089e13728c064b185,Mia  F,❌,✅,❌,1
11efe337f14608e06bd7fee51c729d6d,Michelle B,✅,✅,2⚠️,17
11efd896eacd1ea059c75affdcacb492,Michelle B,❌,✅,❌,1
11efd8fb8a0c2f60cfba7bcd453f5d52,Michelle C,✅,❌,❌,10
11efdccd46eb32002fe005bdac3c0a29,Michelle F,✅,❌,❌,10
11efd8065483c560bc63c6e0fd3d595d,Michelle G,✅,✅,1⚠️,14
11efd5feb80835d02bac1efc8a29576d,Michelle W,✅,✅,5✅,26⭐
11efe506f82bcfc0deb97bfb74b12239,Mike  B,✅,✅,❌,11
11efe1d0e8d90a80ae71d7c02b1118ff,Mike R,✅,✅,5✅,26⭐
11efe5d554bbe710f8f0d9863fe2e7d6,Mike S,✅,❌,❌,10
11efe1a98960a67034adc986c6202f20,Mike S,❌,✅,❌,1
11efe199ec4c8b60ed0ef76222e72bf3,Mike S,✅,❌,❌,10
11efe0d9065678703c118fa4b8309f8d,Mike S,✅,✅,❌,11
11efdb1ba8d277203f2e918d4f8f7633,Milli V,✅,❌,❌,10
11efd5e5206a28f009fc4edaf8a75cef,Miranda B,✅,✅,1⚠️,14
11efdcfa2c07d420b99eeb465ab6945b,Monty P,✅,✅,3⚠️,20
11efd8f5971b4a708057bcb8bd92d127,Nancy M,✅,❌,❌,10
11efe30b8148ec00d6ac04ad7f3d4ccd,Nancy P,✅,✅,❌,11
11efe1813f704d90cf6fb21db4ce9808,Nancy W,✅,✅,❌,11
11efdd9e8498c370c407e25fbd40a8dc,Nancy W,✅,✅,❌,11
11efdcfb805c2840c602903c7a610420,Natalie  T,✅,❌,❌,10
11efe31b140db700a74965fd55327ebb,Natalie M,✅,✅,5✅,26⭐
11efd8c0593a05f01b38a7094709e515,Natasha B,✅,❌,❌,10
11efd81b2dc449d0d873813102a7b8cd,Natasha K,✅,✅,5✅,26⭐
11efdde0fce31cd0ec6b784b4dafc0ff,Natasha R,✅,✅,❌,11
11efd7e79856d76036e87855c929ece7,Natasha S,✅,✅,5✅,26⭐
11efd921b7728aa0021a437c2e7a7356,Nate  L,✅,❌,❌,10
11efd7306766d810400b95de628465c9,Nathan A,✅,❌,❌,10
11efe23fec1b8be0e57a61e4f65c18a5,Nathan J,✅,✅,❌,11
11efdaad325d7e00d9cea10914cf59c9,Neve B,✅,✅,1⚠️,14
11efe0c205e621e03ef792752017df35,Nick  O,❌,✅,❌,1
11efd872658597a0ad6213385b003078,Nicole  B,❌,✅,❌,1
11efd8e804bd93c0336888c05d156e79,Nicole H,❌,❌,1⚠️,3
11efe1a05ccbece0bf17a632b20c95d1,Nicole P,✅,✅,5✅,26⭐
11efd77cf7d93ae029c9055562bac408,Nicole R,❌,✅,❌,1
11efd7f566c65cd0b1c6adb85ee62d5b,Nik V,✅,✅,5✅,26⭐
11efd5add38a28000449f102957bcd67,Noah C,✅,✅,5✅,26⭐
11efd80461743810adcf63d6b95ae1bc,Norm G,✅,✅,❌,11
11efd9d065c021908cedc77ade0c05ea,Norma G,❌,✅,❌,1
11efdd0a206ed2c038e4b6c682309e70,Paige O,✅,✅,2⚠️,17
11efde94f131bef0469cc51adddcebae,Pam D,❌,✅,❌,1
11efd8547a0560c0ea4c0a5fd8d42b7f,Pam T,✅,✅,5✅,26⭐
11efda071c47d2b04a6c36e627ca3983,Pamela  O,✅,❌,❌,10
11efd91432d248b02f1a5062c4c843a9,Pamela K,❌,✅,❌,1
11efd8eaf43b0430563226c843fc5c04,Pamela V,❌,✅,2⚠️,7
11efe19fd2624540f95f67fc69b4f3d9,Pat R,❌,✅,4⚠️,13
11efd5cf68e995e00d80fb84300cd09d,Pat S,✅,❌,❌,10
11efd8e1ead14840154412f3b6b63f2c,Patrick   ,❌,✅,❌,1
11efe1c346cce4802ad4c37a02e73055,Patti M,✅,✅,❌,11
11efd865184eab00955146bd00f9e333,Patty T,✅,✅,❌,11
11efe19723b6d2701d13acd7314e120a,Paul G,✅,✅,5✅,26⭐
11efd8468d4d2bd0ec2d765ab1b590e6,Paul Y,✅,❌,❌,10
11efd81911c65f90897cc6e7a76127ea,Paula B,✅,✅,❌,11
11efdcd46e7518c0847d38525ea40630,Paula B,✅,❌,❌,10
11efdce1753a92e0a27ec8225f0e3363,Paula N,✅,❌,❌,10
11efdbfdf96502102f735068458999d8,Paula R,✅,✅,4⚠️,23
11efd7746ee6c3904dc3b5a5299ece0d,Paulianne O,✅,✅,1⚠️,14
11efd5c7600b0d8062bbd66f38ba864d,Pauline  M,✅,✅,5✅,26⭐
11efe1ddb5a360e079454437409da211,Pauline B,✅,❌,❌,10
11efdf6bb17256d08a759c0cf6591117,Peter C,❌,✅,❌,1
11efe5d89957cee07f6b683885af878c,Phil L,✅,❌,❌,10
11efdf1b75813dd09264365709b5b75b,Philip K,❌,✅,❌,1
11efdbfd207f09a01d85b251b29fc829,Quade O,❌,❌,1⚠️,3
11efdacacbb68480529cc5b2bcc74007,RAHNE G,✅,❌,❌,10
11efd7926bfd8ab064f8b0238e8b0409,ROBERT M,✅,❌,❌,10
11efd9aab04f00d06205ad1681cc8738,Rachel K,❌,✅,❌,1
11efe1abd72443b0127ea38ce19ba8d8,Rachel M,✅,✅,❌,11
11efe3cf371df3e0cea053b2bd6be8dd,Raissa T,✅,❌,❌,10
11efd76c0fda28908a829fed7963b640,Randy H,❌,✅,❌,1
11efd9f5c796f9f06d2065fa53926c02,Ray  M,✅,✅,❌,11
11efe32dd02bf5701c9964852c2b3827,Ray B,✅,✅,5✅,26⭐
11efd791120323405115b8c27f3ddb88,Rebecca G,✅,✅,2⚠️,17
11efdb3270daf420e746860a84c1ce36,Rebecca M,✅,❌,❌,10
11efe0cd63dfbee0b17237c2f8002625,Richard  C,✅,❌,❌,10
11efe1a046b97170ff3bd5a58157547b,Richard  S,❌,✅,4⚠️,13
11efd9f3c33908f0240804c154d2aca2,Richelle S,✅,✅,5✅,26⭐
11efd73f968d2a4033c4e726be2d53a0,Rick W,✅,✅,4⚠️,23
11efe34cdd13b290aeab82a4f60b3632,Rob L,✅,✅,5✅,26⭐
11efd78ebe798ea0b2c8f3fd2d25d318,Robbie P,✅,✅,❌,11
11efd85cd40d0a707e3da65e74960961,Robby S,✅,❌,❌,10
11efdc1423734bf0a5377604ac07b772,Robert  G,✅,❌,❌,10
11efdd18776b5090ee88a8eacf1df51a,Robert D,✅,❌,❌,10
11efd86c31da919098e3bdf5299ea4fb,Roberta L,❌,❌,2⚠️,6
11efd75c3245c110ac352ee3adb9a6b7,Roger M,❌,✅,5✅,16
11efe22dce03b590de422f59b9965c0a,Ron B,✅,✅,❌,11
11efe48a6b790dd0cdee1d8b2fe3f54d,Ron C,✅,❌,❌,10
11efdb9a20ca4c7042483d022e0b4557,Ron D,✅,✅,5✅,26⭐
11efd551170d4e70ef8c729ecf308f04,Roni Sue Y,✅,✅,5✅,26⭐
11efe31714fb964008f0d3cc87989449,Rosa V,✅,✅,5✅,26⭐
11efe28cd04e5cb0a7630ac43a802229,Rosalynd R,❌,✅,❌,1
11efe1ca96523cb0248f70e2752baf0c,Rosanna M,✅,✅,❌,11
11efde6b23d93880035facdd08b6cd2b,Roy w,✅,❌,1⚠️,13
11efd841415ad380e83f1637a5f4174e,Ryan G,✅,✅,1⚠️,14
11efd777c1cde130f6095366ea0d9f1d,Ryan W,❌,✅,5✅,16
11efd82f64fa6a10990f7e6caea779c1,Sally H,✅,✅,2⚠️,17
11efd84a07906da0d1177c7fda1b9ea7,Sam A,❌,❌,1⚠️,3
11efd8d64fa06f509b3504a09f844448,Sam L,✅,❌,❌,10
11efd850bfa9bc10c97759f9e99d03ce,Samantha  B,❌,❌,2⚠️,6
11efdaa41ed67e80093aac60ab54b172,Samantha C,✅,❌,❌,10
11efd7a0dce9e530b7ceb74d500c6abc,Samara G,✅,✅,5✅,26⭐
11efe0db42a84b80211ea4165c408dc2,Sandra B,❌,✅,❌,1
11efda7ab77a5e103b6d6cee2fcac277,Sandra C,❌,✅,❌,1
11efe19971f963b0b6e492c3bbf3776b,Sandra H,✅,✅,2⚠️,17
11efdb25f1940fa05dee90362fccff57,Sandra H,✅,❌,❌,10
11efdab238cf7a903db2f2b9e02f45f2,Sandra M,✅,✅,❌,11
11efe50fc45c53f08fd215733a3fb34a,Sandy S,✅,✅,❌,11
11efd5fd07430690de9f20779aa037a9,Sara C,✅,✅,5✅,26⭐
11efd852da7b3440bfa4dab387be18a5,Sara K,✅,❌,❌,10
11efe0a8802e72f0b03d4ae477957809,Sara W,✅,❌,❌,10
11efd5f26793dc002ca8fb4fa10187e1,Sarah  M,✅,✅,5✅,26⭐
11efd81bd9945bb0fd79ddfba3370058,Sarah D,✅,✅,5✅,26⭐
11efd7f808efcfd0db56f9c3293983f7,Sarah E,✅,❌,❌,10
11efd857e89f19b0032d1cb67f5f8dbe,Sarah H,✅,✅,❌,11
11efd8e3b8951ad039969811e33a2fc5,Sarah M,❌,✅,❌,1
11efd82a656e2cc0f61feb5ff7ab1df2,Sarah R,❌,❌,1⚠️,3
11efdc4c5ca77bc087ac888ce284807d,Sarah S,❌,✅,❌,1
11efd85eb9717280f698528e8fc5c629,Sarah Y,❌,❌,3⚠️,9
11efdb6be1d2d8d04dd730f055cf103e,Savanna D,✅,✅,5✅,26⭐
11efd8ddc158f7a09c7dac52c0baa760,Scott H,✅,❌,❌,10
11efd81ad9730d80174c3b69a75dda22,Scott H,✅,❌,❌,10
11efdb5e14fd06307c37cae1a96f315a,Scott S,✅,❌,❌,10
11efd913822d08105b08bd5b018e221d,Sdea Q,✅,❌,❌,10
11efd79f0f980e5090b6a776d624d83c,Seane M,✅,✅,5✅,26⭐
11efd83cbe44ec00d8267b83d8681b10,Seppe M,✅,❌,3⚠️,19
11efe05595babd207301650c09736f59,Serena F,❌,✅,❌,1
11efe0ff8a16d8500175dd26e52ef822,Shae C,❌,✅,❌,1
11efd788dfc04aa037aa000a1b154920,Shane R,✅,✅,4⚠️,23
11efe579bc8bd960daf823b687605c17,Shane S,✅,❌,❌,10
11efdb5e3ed8a9509f859589a11e4f05,Shani M,✅,❌,❌,10
11efd074dd92e4b0ccb071e2b3b3dce0,Shannon D,✅,✅,2⚠️,17
11efd859d86ee550ea797afd67993022,Shannon D,❌,✅,❌,1
11efdc048c059250a1595fa8d634f997,Shannon O,✅,❌,❌,10
11efd84b5c28336010b1487979c450e8,Shannon Y,✅,❌,❌,10
11efd77c51ce0ef0f6428d9cfe7f1757,Shantel P,✅,✅,5✅,26⭐
11efe36e87ba5ca0d206d967eeb950f3,Sharon L,✅,❌,❌,10
11efd781976c60b0dbc7847b4dabff54,Shaun R,❌,✅,❌,1
11efd8747f182730ba52d96dbd98b7b2,Shawn R,✅,❌,❌,10
11efdbf9f3a940b005134f720986e320,Shawn S,✅,✅,1⚠️,14
11efd77b0a59c7e02edd3984f6c1270c,Shayna D,❌,✅,❌,1
11efd77e815be870b1ba303930c8bad8,Sheena H,✅,✅,5✅,26⭐
11efd79d5814a50097ec8a411e78e165,Shelby D,❌,✅,❌,1
11efdf38be4462504aacd39c27e96053,Shelby M,✅,✅,1⚠️,14
11efe0a20d9420b0792d49f7c2ad8be7,Shelley B,✅,✅,❌,11
11efd5c08b3c32b0ff1ba9bb056c3585,Shelley M,✅,✅,5✅,26⭐
11efd90f96701780dd5ab93cff8345b9,Shelley O,✅,❌,❌,10
11efe005f35b25f00ac60d928a965b6a,Shelly L,✅,✅,5✅,26⭐
11efd85ec5ac8d0085c9866541d78575,Sherrie M,✅,✅,1⚠️,14
11efdcfc4acf65b066641dcdc05b3462,Sherry B,✅,✅,5✅,26⭐
11efd830ab50e510e1de1ae3890490e6,Sherry Y,✅,✅,❌,11
11efd9125b0e7e90a3608037adeef5d5,Sonya M,❌,✅,❌,1
11efe3f7c77e38a07ed6a5d5e46cb7c6,Stan R,❌,✅,❌,1
11efe09da3e2ece09ca8d652575483d3,Stephanie  M,✅,✅,❌,11
11efd5f6ae5657e066e01a9310a60df4,Stephanie C,✅,✅,5✅,26⭐
11efd8482b3eb6f05b52e5755facf04d,Stephen H,✅,✅,4⚠️,23
11efd859d1af99d0982eb84d78f49748,Steve D,✅,❌,❌,10
11efd5aaeb5d1f801d4e089c5fb421d0,Steven E,✅,✅,4⚠️,23
11efe001e9402920e7861210e7ff16cb,Sue L,✅,✅,5✅,26⭐
11efd850e917f760e0b4928fdadd54ad,Sue L,✅,❌,❌,10
11efd85303fb22d0af7d511aa168b593,Susan A,✅,✅,5✅,26⭐
11efd849e523de00641de60b1b2ae9c1,Susan G,✅,❌,1⚠️,13
11efde85c31a44b02612391aff4cda4e,Susan J,❌,✅,❌,1
11efdca7630a6710907b2d2397093e83,Suzanne T,✅,❌,❌,10
11efdcd2556a56d0275fdbd001e34e2f,Sydney L,❌,✅,5✅,16
11efd78527eadba074ccc6806a5f24fa,TAMMI H,❌,✅,5✅,16
11efe4a9c6c2b5f07cb2d86bf9fce480,TINA M,✅,❌,❌,10
11efd82ee7abb5a0f9bbb06352ef1b83,Tamara C,✅,✅,2⚠️,17
11efd6cf636b5e9027721c69671ead2d,Tami  B,✅,✅,5✅,26⭐
11efd79af061040004685aa6735f891d,Tammy G,❌,✅,❌,1
11efd5ce85e39ac01b55c6fbdf5991e7,Tammy O,✅,✅,❌,11
11efe33ba49b9510c6127335a70aaaa2,Tammy R,✅,✅,2⚠️,17
11efd76ce6af90809281db73dc96280c,Tammy Y,✅,❌,❌,10
11efd85b150fdf400cf9d4235eff837d,Tanya  B,❌,✅,❌,1
11efd77b206628d0ec87ba0d423ad30f,Tanya K,✅,✅,❌,11
11efd8b4318afd407379737c060449e6,Tara  R,❌,✅,❌,1
11efd6025d4ed1e01ce38f46fa2906d9,Tara C,✅,❌,❌,10
11efd79900cf2bc0991c1262e6b5bf5e,Taylor B,✅,✅,5✅,26⭐
11efd84c47d91d602c96fff6e5b480b5,Taylor G,✅,❌,❌,10
11efd6084735df10c3fd47580287a99e,Taylor L,✅,✅,5✅,26⭐
11efd9d4609757c09e5f3d8b94e1a219,Ted H,❌,✅,4⚠️,13
11efd7a4e7e493a0c50a27c1b028ed19,Terrilynn M,❌,❌,1⚠️,3
11efe5983f844f00dcdc49562e994b30,Terry B,✅,❌,❌,10
11efd79707934420adcc83de8693d841,Terry Lynn P,✅,✅,5✅,26⭐
11efdb75a60cfba0be6ed149e2339f35,Terry Lynn R,✅,❌,❌,10
11efd78489356ed0e59d0148784cd6dd,Teryn B,❌,✅,5✅,16
11efe339d257b8a0e473a6c8c8470744,Thomas K,✅,❌,❌,10
11efd6003fbefd007525ab517aaff93c,Tianna H,❌,✅,2⚠️,7
11efd79241a3ddf0cc7ae0f79c168a57,Tim B,✅,✅,5✅,26⭐
11efd81b007503c0100dbbdd3ebbd169,Tim d,✅,✅,❌,11
11efe1d2511ea7c00419871f3719eee3,Timothy F,✅,✅,❌,11
11efd856415a78d033ca13de8520a398,Todd E,✅,✅,❌,11
11efdb113680c370d9ba99f79479a27e,Todd H,❌,❌,1⚠️,3
11efe15d8888a7809d16c7104d8e56e1,Tracey B,✅,✅,❌,11
11efe02ca165a230afe31f3ff7e6a646,Tracy H,✅,✅,❌,11
11efd7914467fc70c0c71257edea8706,Tracy P,❌,✅,4⚠️,13
11efda004d0c4680c52d4dd04aa1bc69,Travis K,✅,❌,❌,10
11efd43a9ed2edf091aa23870be9a025,Travis T,✅,✅,5✅,26⭐
11efe3aafac08080746cc4d4c7e175be,Trevor K,✅,❌,❌,10
11efd5f27bf1a290af1e272ac4b26bdd,Trevor M,✅,✅,5✅,26⭐
11efd847513acb60c08be2cf3cd608a3,Trina O,✅,✅,❌,11
11efd5f8fbfc33f08869b07b915eb3c9,Tristan C,✅,✅,4⚠️,23
11efe0af1a8d48202537a12dd825d9a7,Tyler P,❌,❌,1⚠️,3
11efd79f5f841bc0458ab8869a88ba6f,Tyler P,❌,❌,3⚠️,9
11efd5aae5bd74d07e9dbd6e8370c982,Tyson H,✅,✅,5✅,26⭐
11efe193682063d0fe48225aa01ea8f4,Valerie G,❌,✅,❌,1
11efd75ae7c9b8404bf1bda3bf8b0555,Valerie H,❌,✅,❌,1
11efd912e17451302b20d516452585c9,Valerie S,✅,✅,❌,11
11efd79d0776d3c0833fc1fa0c39e5e4,Vanessa M,✅,✅,5✅,26⭐
11efd9aa728cc2f0b0ff494dac4af05c,Vanessa S,❌,✅,❌,1
11efd7787ed59a70eded86e5e28977d9,Veronica W,✅,❌,❌,10
11efd867c509ce40aa8ff46183c758cc,Victoria V,✅,✅,1⚠️,14
11efe28868662910b58faf7fa322aa1e,Viviane  G,✅,❌,❌,10
11efdf6dce3b0b209f8a452e4bda670d,Wade M,✅,❌,❌,10
11efd8cfb3e42d00aa6e57d63252fd72,Warren  W,✅,❌,❌,10
11efd75615acf330d82fca6e6e14b5aa,Wendy P,✅,✅,5✅,26⭐
11efd4f622a47020e69f76a390f80b9e,Wyatt C,✅,✅,❌,11
11efd7a4b7f156b01eecbf6e6dd9cb78,abby f,❌,✅,❌,1
11efd60df85677f0a3d7dd16814f1afc,ashley b,✅,❌,❌,10
11efdb38673ff1304f7e2119472d9a1e,debbie p,❌,✅,❌,1
11efdb23546d1cf07281ac1681a9fc41,marilee k,❌,✅,❌,1
11efd746c619b1f00d484a28d4cf3d73,matthew b,✅,✅,1⚠️,14
11efe15dddfda350b3b905b77a8c8c48,micheline s,❌,✅,❌,1
11efe2dafb7bfed09e8aaddafba0d3aa,nikki l,❌,✅,❌,1
11efd9e645996140d3ee068501ca5510,randy d,❌,✅,❌,1
11efde6e36c936e0226c67096b389675,reese l,✅,❌,❌,10
11efe30e3335dcf03c3db2570e462cae,terry f,❌,✅,❌,1
11efe610dff4007047ee896fa33acb5e,tom w,✅,❌,❌,10
11efd9ba6c9d575076f0cda47a1f0b2a,vicki b,❌,✅,❌,1
